{
  "healthy": {
    "tau": 1.0,
    "p": 8,
    "n_support": 32,
    "kappa_input": null,
    "lam": 0.01,
    "noise": 0.1,
    "seed": 42,
    "Z_mean": 1513.2467510239949,
    "Z_std": 2760.4584234737113,
    "Z_max": 15274.320421901162,
    "Z_min": 57.21912049809666,
    "kappa_K_exp": 23059381.002865,
    "op_norm_gap": 9.1007867264656e-13,
    "oracle_rmse": 6.550981884761235,
    "oracle_max_err": 34.84580626083804,
    "oracle_bias": -0.6315176974947317,
    "oracle_rank_corr": 0.9299853372434018,
    "oracle_tail90_err": 13.049943482584743,
    "softmax_rmse": 2.4592489488536593,
    "softmax_max_err": 5.880350406198951,
    "softmax_bias": 0.775570647240794,
    "softmax_rank_corr": 0.7093108504398825,
    "softmax_tail90_err": 4.984181528391807,
    "recovered_rmse": 6.550981884761235,
    "recovered_max_err": 34.84580626083804,
    "recovered_bias": -0.6315176974947319,
    "recovered_rank_corr": 0.9299853372434018,
    "recovered_tail90_err": 13.049943482584743,
    "linear_rmse": 0.04652682206214716,
    "linear_max_err": 0.09465778119209611,
    "linear_bias": -0.0026528366058614777,
    "linear_rank_corr": 0.9996334310850439,
    "linear_tail90_err": 0.08256829448537384
  },
  "high_dim": {
    "tau": 1.0,
    "p": 64,
    "n_support": 32,
    "kappa_input": null,
    "lam": 0.01,
    "noise": 0.1,
    "seed": 42,
    "Z_mean": 5648595202.376907,
    "Z_std": 25807447435.39069,
    "Z_max": 148504061502.10358,
    "Z_min": 49126.77707917901,
    "kappa_K_exp": 1.2141362048069244e+20,
    "op_norm_gap": 3.725745018061039e-09,
    "oracle_rmse": 6.867570289188068,
    "oracle_max_err": 12.74981844522275,
    "oracle_bias": 0.4992224478343614,
    "oracle_rank_corr": 0.8090175953079177,
    "oracle_tail90_err": 11.823329718462388,
    "softmax_rmse": 8.203436394025296,
    "softmax_max_err": 17.472637850134955,
    "softmax_bias": -2.6929617124012175,
    "softmax_rank_corr": 0.21590909090909088,
    "softmax_tail90_err": 16.00588262635409,
    "recovered_rmse": 6.867570289188068,
    "recovered_max_err": 12.74981844522275,
    "recovered_bias": 0.4992224478343614,
    "recovered_rank_corr": 0.8090175953079177,
    "recovered_tail90_err": 11.823329718462388,
    "linear_rmse": 0.08727649019529406,
    "linear_max_err": 0.21136411350697104,
    "linear_bias": -0.011076584390047365,
    "linear_rank_corr": 0.9996334310850439,
    "linear_tail90_err": 0.14647518312801416
  },
  "low_tau": {
    "tau": 0.05,
    "p": 8,
    "n_support": 32,
    "kappa_input": null,
    "lam": 0.01,
    "noise": 0.1,
    "seed": 42,
    "Z_mean": 2.8600316098723958e+79,
    "Z_std": 1.592398207304814e+80,
    "Z_max": 9.152101151053397e+80,
    "Z_min": 4.3457035486624614e+18,
    "kappa_K_exp": Infinity,
    "op_norm_gap": 2.2397447421778042e+102,
    "oracle_rmse": 1.7472991369862623e+24,
    "oracle_max_err": 9.884216548195106e+24,
    "oracle_bias": -3.0888176706892305e+23,
    "oracle_rank_corr": 0.7771260997067448,
    "oracle_tail90_err": 2.4710541375461686e+24,
    "softmax_rmse": 3.1176203626115204,
    "softmax_max_err": 6.507668352234539,
    "softmax_bias": 0.9973325121690755,
    "softmax_rank_corr": 0.7202351222918212,
    "softmax_tail90_err": 5.5500710423958015,
    "recovered_rmse": 1.7472991369862623e+24,
    "recovered_max_err": 9.884216548195106e+24,
    "recovered_bias": -3.0888176706892305e+23,
    "recovered_rank_corr": 0.7771260997067448,
    "recovered_tail90_err": 2.4710541375461686e+24,
    "linear_rmse": 0.04652682206214716,
    "linear_max_err": 0.09465778119209611,
    "linear_bias": -0.0026528366058614777,
    "linear_rank_corr": 0.9996334310850439,
    "linear_tail90_err": 0.08256829448537384
  },
  "ill_cond": {
    "tau": 0.5,
    "p": 8,
    "n_support": 32,
    "kappa_input": 500.0,
    "lam": 0.01,
    "noise": 0.1,
    "seed": 42,
    "Z_mean": 1.0593351307326174e+35,
    "Z_std": 5.898128063110936e+35,
    "Z_max": 3.3898722367929306e+36,
    "Z_min": 1178.1260479175328,
    "kappa_K_exp": 7.427538606261388e+29,
    "op_norm_gap": 16.00000047741923,
    "oracle_rmse": 5013999385679.613,
    "oracle_max_err": 28171212669872.1,
    "oracle_bias": 985090113621.7605,
    "oracle_rank_corr": 0.35263929618768325,
    "oracle_tail90_err": 7880720909065.763,
    "softmax_rmse": 2.787416141529912,
    "softmax_max_err": 7.6010224200559895,
    "softmax_bias": -1.2778462440693361,
    "softmax_rank_corr": 0.24193548387096772,
    "softmax_tail90_err": 5.65824542022573,
    "recovered_rmse": 5013999385679.611,
    "recovered_max_err": 28171212669872.086,
    "recovered_bias": 985090113621.76,
    "recovered_rank_corr": 0.35263929618768325,
    "recovered_tail90_err": 7880720909065.759,
    "linear_rmse": 0.045288057647626785,
    "linear_max_err": 0.09475633756469026,
    "linear_bias": -0.002234658976458276,
    "linear_rank_corr": 0.9989002932551319,
    "linear_tail90_err": 0.08059076006240329
  },
  "long_context": {
    "tau": 1.0,
    "p": 8,
    "n_support": 128,
    "kappa_input": null,
    "lam": 0.01,
    "noise": 0.1,
    "seed": 42,
    "Z_mean": 15046.814078241137,
    "Z_std": 42247.52339100475,
    "Z_max": 242739.82602120403,
    "Z_min": 513.3854737162206,
    "kappa_K_exp": 86555666472.01654,
    "op_norm_gap": 1.455250535369519e-11,
    "oracle_rmse": 5.291520457053483,
    "oracle_max_err": 21.67351440795808,
    "oracle_bias": 0.4311255776574679,
    "oracle_rank_corr": 0.8695014662756597,
    "oracle_tail90_err": 13.369562164651434,
    "softmax_rmse": 1.410091961847675,
    "softmax_max_err": 4.004230573499739,
    "softmax_bias": 0.499456883801661,
    "softmax_rank_corr": 0.9028592375366568,
    "softmax_tail90_err": 2.8978639048742236,
    "recovered_rmse": 5.291520457053482,
    "recovered_max_err": 21.673514407958077,
    "recovered_bias": 0.4311255776574663,
    "recovered_rank_corr": 0.8695014662756597,
    "recovered_tail90_err": 13.369562164651429,
    "linear_rmse": 0.024499136474443465,
    "linear_max_err": 0.05921870485487246,
    "linear_bias": -0.003847440195064092,
    "linear_rank_corr": 0.999266862170088,
    "linear_tail90_err": 0.052529631701392465
  }
}