{
  "training": {
    "final_loss": 0.01336270346865058,
    "train_time_min": 21.251350979010265,
    "n_params": 9486337
  },
  "probes": {
    "cg_sims": [
      0.8840230614861035,
      0.6257751181536865,
      0.191729359249152,
      0.12040120471436848,
      0.17239673606410072,
      0.044146939203576346,
      0.019530432776108816,
      0.02194291133195303,
      0.03783861384509611,
      0.030316788669889013,
      0.03114963483115754,
      0.03239123822044501
    ],
    "gd_sims": [
      0.9066652466129017,
      0.5391786546029422,
      0.24836990096199707,
      0.15222238688744763,
      0.37015471106812814,
      0.22016714407033988,
      0.23526311568049477,
      0.16803492059197922,
      0.2175064779194184,
      0.1550375617102625,
      0.2063894430846221,
      0.15567339465263674
    ],
    "ctrl_sims": [
      0.03005873237380055,
      0.0008184283911239907,
      0.009069385477260695,
      0.01495661522233271,
      -0.011849980089713084,
      -0.01680215807432666,
      -0.012191837657104704,
      0.004056196584765133,
      0.02455081499318884,
      0.007853823226275133,
      -0.012757115953705425,
      -0.024805955714452783
    ],
    "cg_mean": 0.18430350321213643,
    "gd_mean": 0.2978885798202642
  },
  "convergence": {
    "1.0": {
      "normalized_errors": [
        1.0,
        0.3635899460649979,
        0.15361100673838982,
        0.05817986983628891,
        0.03901579448673833,
        0.023630406112874352,
        0.014498340408729622,
        0.02275071642888854,
        0.012295704019327528,
        0.024462458894196064,
        0.011647170396213836,
        0.01420095231430558
      ],
      "cg_theory": [
        0.0,
        0.0,
        0.0,
        0.0,
        0.0,
        0.0,
        0.0,
        0.0,
        0.0,
        0.0,
        0.0,
        0.0
      ],
      "gd_theory": [
        0.0,
        0.0,
        0.0,
        0.0,
        0.0,
        0.0,
        0.0,
        0.0,
        0.0,
        0.0,
        0.0,
        0.0
      ]
    },
    "5.0": {
      "normalized_errors": [
        1.0,
        0.41721694098699746,
        4.996607027860051,
        3.417482145672762,
        2.1879349226492555,
        1.915285769671721,
        36.28401132846374,
        3.770880450169518,
        8.883988205589842,
        2.2673260321193647,
        5.327183038039967,
        2.1777409736480617
      ],
      "cg_theory": [
        0.14589803375031546,
        0.02128623625220819,
        0.0031056200151418586,
        0.00045310385378482214,
        6.610696135189598e-05,
        9.64487567844972e-06,
        1.4071683972520538e-06,
        2.0530310231465746e-07,
        2.995331895054836e-08,
        4.370130339181069e-09,
        6.37593423719117e-10,
        9.302362685275093e-11
      ],
      "gd_theory": [
        0.4444444444444444,
        0.19753086419753085,
        0.08779149519890259,
        0.039018442310623375,
        0.01734152991583261,
        0.007707346629258937,
        0.0034254873907817495,
        0.001522438840347444,
        0.000676639484598864,
        0.00030072865982171734,
        0.00013365718214298548,
        5.940319206354909e-05
      ]
    },
    "10.0": {
      "normalized_errors": [
        1.0,
        0.7138806272611883,
        25.046442611659533,
        10.505454703043137,
        4.941481978121713,
        9.669988354996361,
        44.124328781833626,
        7.256630046563839,
        44.24304067455537,
        6.1206880632461695,
        40.836781298093904,
        27.421066406648016
      ],
      "cg_theory": [
        0.26987386361223836,
        0.07283190226099703,
        0.01965542685740419,
        0.005304485986955425,
        0.0014315421277766379,
        0.0003863358049467659,
        0.00010426193633272782,
        2.8137571585806465e-05,
        7.593595156527528e-06,
        2.0493128635992637e-06,
        5.530559802497934e-07,
        1.4925535418386553e-07
      ],
      "gd_theory": [
        0.6694214876033059,
        0.448125128065023,
        0.29998458986170967,
        0.20081613040329327,
        0.13443063274931205,
        0.08999075415449816,
        0.06024174451664754,
        0.04032711823015249,
        0.026995839476383076,
        0.01807159502138041,
        0.01209751402257697,
        0.008098335833295328
      ]
    },
    "50.0": {
      "normalized_errors": [
        1.0,
        8.775154341837268,
        93.5408810864524,
        41.25342264336239,
        44.72585425258109,
        44.30940963280827,
        207.6331150080822,
        51.92490678226201,
        121.0861403856368,
        15.27276181895567,
        167.96119248372514,
        168.4414644037368
      ],
      "cg_theory": [
        0.5658068164845661,
        0.32013735358039946,
        0.18113589686711973,
        0.1024879251574617,
        0.05798836666145188,
        0.032810213133855834,
        0.01856424224144707,
        0.010503774803081472,
        0.005943107382402327,
        0.003362650668062984,
        0.0019026106694464162,
        0.0010765100858890458
      ],
      "gd_theory": [
        0.9231064975009612,
        0.852125605728492,
        0.7866026833349133,
        0.7261180479381495,
        0.6702842880044202,
        0.6187437814296859,
        0.5711664049260576,
        0.5272474195415088,
        0.486705518769382,
        0.44928102674559256,
        0.41473423499275963,
        0.3828438670579069
      ]
    }
  },
  "config": {
    "steps": 50000,
    "batch_size": 64,
    "n_support": 20,
    "p": 10,
    "noise": 0.1,
    "lr": 0.0003,
    "wd": 0.01,
    "warmup": 1000,
    "log_every": 2000,
    "probe_lam": 0.1
  }
}