{
  "training": {
    "final_loss": 0.014152941935695707,
    "train_time_min": 26.024369752407075,
    "n_params": 9486337
  },
  "kappas_trained_on": [
    1.0,
    10.0,
    50.0,
    100.0,
    500.0
  ],
  "kappa_1": {
    "cg_sims": [
      0.4194512840914193,
      0.05898479966681115,
      0.1286323954958658,
      0.06987432105778392,
      0.040420445301384306,
      0.00321766809173979,
      -0.014860073521865516,
      -0.0007356296931696526,
      0.037519646366697336,
      0.0016944498712409663,
      -0.002403007353557111,
      0.017620073406842608
    ],
    "gd_sims": [
      0.4305092351239353,
      0.03819727334108891,
      0.17570606317092513,
      0.09451360247377458,
      0.049069736779075404,
      0.10142666438183102,
      0.12435592701869065,
      0.06013474013580931,
      0.024837406960128337,
      0.05421439566218526,
      0.07177494499302564,
      0.06207174647830229
    ],
    "cg_mean": 0.06328469773176608,
    "gd_mean": 0.1072343113765643,
    "model_mse": [
      1.4951947927474976,
      1.1250659227371216,
      0.5627898573875427,
      0.5883743166923523,
      0.34314778447151184,
      0.1302998960018158,
      0.1207302063703537,
      0.04918254166841507,
      0.05639250576496124,
      0.026286598294973373,
      0.02540387399494648,
      0.03537299856543541
    ],
    "cg_data_mse": [
      0.26275932788848877,
      0.11824353039264679,
      0.05952922999858856,
      0.040644899010658264,
      0.057993415743112564,
      0.12378883361816406,
      0.16679713129997253,
      0.17022135853767395,
      0.078983373939991,
      0.02593196928501129,
      0.012354711070656776,
      0.011886758729815483
    ],
    "cg_feat_mse": [
      0.29711806774139404,
      0.12595847249031067,
      0.06248055398464203,
      0.03406457230448723,
      0.021675290539860725,
      0.016364486888051033,
      0.013498496264219284,
      0.012307640165090561,
      0.012012876570224762,
      0.011905497871339321,
      0.011887249536812305,
      0.01188725046813488
    ],
    "gd_mse": [
      0.3263402283191681,
      0.25852277874946594,
      0.17253519594669342,
      0.1772032380104065,
      0.13354390859603882,
      0.14877548813819885,
      0.11702055484056473,
      0.13485191762447357,
      0.10825560241937637,
      0.12649202346801758,
      0.10286123305559158,
      0.1207541897892952
    ],
    "actual_kappa_data": 496.84516398111947,
    "actual_kappa_feat": 19.523912324966464
  },
  "kappa_10": {
    "cg_sims": [
      0.4788710147082902,
      0.10320024363630421,
      0.15308602707949703,
      0.09953820939866793,
      0.05457832342374395,
      0.04269888989339724,
      0.03663266632731769,
      -0.0031517273414177565,
      -0.00205500289873402,
      0.01524819399113687,
      0.027988687861449348,
      0.019821011011931778
    ],
    "gd_sims": [
      0.515315054036924,
      0.09559894166505802,
      0.23297304046694678,
      0.12987412497930742,
      0.17385625444655828,
      0.1048033060515496,
      0.13773471090216602,
      0.07300639086034716,
      0.05271136958056475,
      0.047405934316178136,
      0.06743857198751775,
      0.02860963987201472
    ],
    "cg_mean": 0.08553804475763203,
    "gd_mean": 0.13827727826376104,
    "model_mse": [
      3.536041021347046,
      2.9502875804901123,
      1.8879448175430298,
      1.2801403999328613,
      0.47252777218818665,
      0.1796015202999115,
      0.05322815105319023,
      0.02523849532008171,
      0.061797890812158585,
      0.022793278098106384,
      0.021603282541036606,
      0.02779407799243927
    ],
    "cg_data_mse": [
      1.300761103630066,
      0.5986840128898621,
      0.3202039897441864,
      0.1547393798828125,
      0.08658633381128311,
      0.0682578906416893,
      0.09332796931266785,
      0.17839354276657104,
      0.2942555546760559,
      0.40277335047721863,
      0.2615072727203369,
      0.027436882257461548
    ],
    "cg_feat_mse": [
      1.29921555519104,
      0.5413402318954468,
      0.2768053114414215,
      0.13870081305503845,
      0.07159554213285446,
      0.040465760976076126,
      0.02406098134815693,
      0.014281931333243847,
      0.011703361757099628,
      0.011032111942768097,
      0.010625666938722134,
      0.010628841817378998
    ],
    "gd_mse": [
      2.0309853553771973,
      1.5795544385910034,
      1.3509066104888916,
      1.2484115362167358,
      1.1632487773895264,
      1.1173945665359497,
      1.0731638669967651,
      1.048638939857483,
      1.018555760383606,
      1.0070024728775024,
      0.9812090396881104,
      0.9794045090675354
    ],
    "actual_kappa_data": 2731.1328150394897,
    "actual_kappa_feat": 50.075523485368905
  },
  "kappa_50": {
    "cg_sims": [
      0.16729959508945463,
      0.1918916267651871,
      0.009280791304786649,
      0.030601830079165414,
      0.013364830616284098,
      0.04500229056986518,
      0.02377062772730672,
      -0.013018027481075318,
      -0.0056000429675747785,
      0.002892074447498872,
      -0.01341943756494138,
      0.021397939973807956
    ],
    "gd_sims": [
      0.17463994693374785,
      0.17321692227712746,
      0.04742134245840225,
      0.057958559615746794,
      0.028193327950108968,
      0.06183619889174389,
      0.0490418837515216,
      0.020146387296117903,
      0.01907474894318988,
      0.026393049082713543,
      0.051426808025731865,
      -0.006595845507786922
    ],
    "cg_mean": 0.03945534154664709,
    "gd_mean": 0.058562777476530416,
    "model_mse": [
      7.900586128234863,
      5.343978404998779,
      3.199495553970337,
      2.1732900142669678,
      0.7844951152801514,
      0.2639293968677521,
      0.05099620670080185,
      0.027661357074975967,
      0.0872860699892044,
      0.027689173817634583,
      0.025140373036265373,
      0.04127304628491402
    ],
    "cg_data_mse": [
      5.103676795959473,
      2.0869083404541016,
      1.3234118223190308,
      0.6930710673332214,
      0.32844921946525574,
      0.1668316274881363,
      0.07390707731246948,
      0.1150292381644249,
      0.2212696522474289,
      0.4496467709541321,
      0.7675427198410034,
      0.7978717088699341
    ],
    "cg_feat_mse": [
      4.370767593383789,
      1.7063833475112915,
      0.9145362973213196,
      0.530636191368103,
      0.2658764123916626,
      0.12666065990924835,
      0.05764187499880791,
      0.029101455584168434,
      0.01981997676193714,
      0.012540653347969055,
      0.012033022940158844,
      0.01128392294049263
    ],
    "gd_mse": [
      8.230792999267578,
      5.845050811767578,
      6.092552185058594,
      4.954607009887695,
      5.486630916595459,
      4.603214740753174,
      5.183284282684326,
      4.423760890960693,
      4.99180269241333,
      4.3183441162109375,
      4.855977535247803,
      4.249769687652588
    ],
    "actual_kappa_data": 11897.24670716729,
    "actual_kappa_feat": 179.96343730083916
  },
  "kappa_100": {
    "cg_sims": [
      0.2013172107828263,
      0.1407471933485185,
      0.06785175912643018,
      0.0059380142587020296,
      0.0146286544149455,
      -0.004436084103293892,
      0.008554322001969202,
      -0.0004770724428876946,
      -0.009790643264012912,
      0.013788611607942928,
      -0.011752097061904384,
      -0.0010463410237224764
    ],
    "gd_sims": [
      0.1985310666320428,
      0.1312124900221262,
      0.12515905566137883,
      0.015395797347997084,
      0.05830517284828142,
      -0.010555751588783179,
      0.032645911236092576,
      0.023518265788396293,
      0.021601571457299722,
      0.033547936041104724,
      -0.009148848392893295,
      0.06358933845092976
    ],
    "cg_mean": 0.035443627303792774,
    "gd_mean": 0.056983500458664404,