{
  "training": {
    "final_loss": 0.014152941935695707,
    "train_time_min": 23.49423013130824,
    "n_params": 9486337
  },
  "kappas_trained_on": [
    1.0,
    10.0,
    50.0,
    100.0,
    500.0
  ],
  "kappa_1": {
    "cg_sims": [
      0.4194512840914193,
      0.05898479966681115,
      0.1286323954958658,
      0.06987432105778392,
      0.040420445301384306,
      0.00321766809173979,
      -0.014860073521865516,
      -0.0007356296931696526,
      0.037519646366697336,
      0.0016944498712409663,
      -0.002403007353557111,
      0.017620073406842608
    ],
    "gd_sims": [
      0.4305092351239353,
      0.03819727334108891,
      0.17570606317092513,
      0.09451360247377458,
      0.049069736779075404,
      0.10142666438183102,
      0.12435592701869065,
      0.06013474013580931,
      0.024837406960128337,
      0.05421439566218526,
      0.07177494499302564,
      0.06207174647830229
    ],
    "cg_mean": 0.06328469773176608,
    "gd_mean": 0.1072343113765643,
    "model_norm": [
      4.532057127555221,
      3.3900469337940935,
      1.6719736183720761,
      1.7699132866267253,
      1.0298993712122835,
      0.36759421513917634,
      0.3385882044034743,
      0.11042870915484028,
      0.13013011645279984,
      0.038523741253137705,
      0.037612107002834294,
      0.06847733637969908
    ],
    "cg_norm": [
      0.7870569934136531,
      0.3258016952933827,
      0.1495971275242037,
      0.08599453626071235,
      0.12977724136644544,
      0.322897871221775,
      0.4696735399758691,
      0.48883562204755615,
      0.19841570892459387,
      0.05304039483205955,
      0.004971725427536657,
      2.6502035027479717e-08
    ],
    "gd_norm": [
      1.0,
      0.7298865294656608,
      0.5253857765361672,
      0.4848807111098253,
      0.4022407387623881,
      0.3981758093934768,
      0.34919672789710765,
      0.35520599463145625,
      0.32078100806551,
      0.32923942648048515,
      0.303193006346517,
      0.31139432179253307
    ],
    "actual_kappa_K": 496.84516398111947
  },
  "kappa_10": {
    "cg_sims": [
      0.4788710147082902,
      0.10320024363630421,
      0.15308602707949703,
      0.09953820939866793,
      0.05457832342374395,
      0.04269888989339724,
      0.03663266632731769,
      -0.0031517273414177565,
      -0.00205500289873402,
      0.01524819399113687,
      0.027988687861449348,
      0.019821011011931778
    ],
    "gd_sims": [
      0.515315054036924,
      0.09559894166505802,
      0.23297304046694678,
      0.12987412497930742,
      0.17385625444655828,
      0.1048033060515496,
      0.13773471090216602,
      0.07300639086034716,
      0.05271136958056475,
      0.047405934316178136,
      0.06743857198751775,
      0.02860963987201472
    ],
    "cg_mean": 0.08553804475763203,
    "gd_mean": 0.13827727826376104,
    "model_norm": [
      1.728677949090804,
      1.434611819768801,
      0.9145147574384124,
      0.6183481191936865,
      0.22413214348468738,
      0.0829272182307901,
      0.02065533157530101,
      0.007261681962967501,
      0.025706598898604882,
      0.006518148293146878,
      0.005526494577733909,
      0.009341276653912987
    ],
    "cg_norm": [
      0.6397216055801148,
      0.28720948683447867,
      0.15143781793917813,
      0.06870995184135668,
      0.036836364260527645,
      0.026011684948258777,
      0.03960596784284275,
      0.08182784021810567,
      0.14013625211582614,
      0.1913225420793479,
      0.12270939596753265,
      0.008481401162387795
    ],
    "gd_norm": [
      1.0,
      0.7631356070645176,
      0.6654033352913096,
      0.5993284311831213,
      0.5730015498175843,
      0.5341624581123442,
      0.5285188275156626,
      0.4998552859407476,
      0.5014932263954315,
      0.47904826898272873,
      0.4829896318288535,
      0.4652518251000602
    ],
    "actual_kappa_K": 2731.1328150394897
  },
  "kappa_50": {
    "cg_sims": [
      0.16729959508945463,
      0.1918916267651871,
      0.009280791304786649,
      0.030601830079165414,
      0.013364830616284098,
      0.04500229056986518,
      0.02377062772730672,
      -0.013018027481075318,
      -0.0056000429675747785,
      0.002892074447498872,
      -0.01341943756494138,
      0.021397939973807956
    ],
    "gd_sims": [
      0.17463994693374785,
      0.17321692227712746,
      0.04742134245840225,
      0.057958559615746794,
      0.028193327950108968,
      0.06183619889174389,
      0.0490418837515216,
      0.020146387296117903,
      0.01907474894318988,
      0.026393049082713543,
      0.051426808025731865,
      -0.006595845507786922
    ],
    "cg_mean": 0.03945534154664709,
    "gd_mean": 0.058562777476530416,
    "model_norm": [
      0.9714969649199785,
      0.6580528267254862,
      0.3918195591175745,
      0.26524208914932096,
      0.09413712329006813,
      0.03028794172963888,
      0.005093215278679265,
      0.00191234726000342,
      0.009196456149699897,
      0.002029554198265692,
      0.0016842260620999593,
      0.0034494899438900976
    ],
    "cg_norm": [
      0.6217329129907184,
      0.2526290324222626,
      0.1617861879757781,
      0.08198926540274512,
      0.039869012069031325,
      0.02006817461307371,
      0.007721191165656873,
      0.012700085153442195,
      0.026206854294651163,
      0.053341079078194596,
      0.09168603828869827,
      0.096046505545024
    ],
    "gd_norm": [
      1.0,
      0.7206321690076851,
      0.738203358094117,
      0.6109305814046434,
      0.6639693663454554,
      0.5677352434847522,
      0.6268191016781456,
      0.5457161389470897,
      0.6033981666016398,
      0.5328084534895475,
      0.5868090412414972,
      0.5244303028671962
    ],
    "actual_kappa_K": 11897.24670716729
  },
  "kappa_100": {
    "cg_sims": [
      0.2013172107828263,
      0.1407471933485185,
      0.06785175912643018,
      0.0059380142587020296,
      0.0146286544149455,
      -0.004436084103293892,
      0.008554322001969202,
      -0.0004770724428876946,
      -0.009790643264012912,
      0.013788611607942928,
      -0.011752097061904384,
      -0.0010463410237224764
    ],
    "gd_sims": [
      0.1985310666320428,
      0.1312124900221262,
      0.12515905566137883,
      0.015395797347997084,
      0.05830517284828142,
      -0.010555751588783179,
      0.032645911236092576,
      0.023518265788396293,
      0.021601571457299722,
      0.033547936041104724,
      -0.009148848392893295,
      0.06358933845092976
    ],
    "cg_mean": 0.035443627303792774,
    "gd_mean": 0.056983500458664404,
    "model_norm": [
      0.9334342679133365,
      0.6485536742693588,
      0.3265653800490344,
      0.20085369994212365,
      0.06553183732896166,
      0.020287090002684683,
      0.0048310252352706685,
      0.0016275767251041414,
      0.005883002386950608,
      0.0018603109921974475,
      0.000874281989110718,
      0.0020162065629722517
    ],
    "cg_norm": [
      0.5470117902198057,
      0.3014828727106493,
      0.17101775262909205,
      0.08722461906756243,
      0.038392816782741424,
      0.019448908153661536,
      0.009050200353570933,
      0.011596635199972808,
      0.014556200944833586,
      0.023624748503255782,
      0.07749063166468842,
      0.07172357478857337
    ],
    "gd_norm": [
      1.0,
      0.8486244217676131,
      0.7878361832304964,
      0.7438253657435667,
      0.7268426859708396,
      0.698641323974629,
      0.6957367412119413,
      0.6727191940690969,
      0.6768118942538554,
      0.6555306542193405,
      0.6641723004381201,
      0.6431510166075785
    ],
    "actual_kappa_K": 23012.029842463337
  },