{
  "training": {
    "final_loss": 0.014152941935695707,
    "train_time_min": 23.255116951465606,
    "n_params": 9486337
  },
  "kappas_trained_on": [
    1.0,
    10.0,
    50.0,
    100.0,
    500.0
  ],
  "kappa_1": {
    "cg_sims": [
      0.1705216051841109,
      0.12484040620083607,
      0.010851059361703273,
      0.02802073821976309,
      0.03856850117364693,
      0.02110886616540571,
      -0.016581271333575565,
      -0.08021929098344383,
      -0.021452061315062755,
      -0.043734762045994524,
      -0.007334653096431147,
      -0.02417614188028867
    ],
    "gd_sims": [
      0.16630371549768486,
      0.1166178070986619,
      0.0067115452974907,
      0.04232723902827191,
      -0.022968665878024173,
      -0.014629932443932115,
      -0.01580692041437869,
      -0.022040407586796207,
      0.0068900454641521456,
      -0.031785836527062544,
      0.0002014952671694517,
      0.08678707311389214
    ],
    "cg_mean": 0.01670108297088913,
    "gd_mean": 0.026550596493094113,
    "normalized_errors": [
      1.0,
      0.9129084782623181,
      0.43516440218634905,
      0.41537648442912717,
      0.2550953095629272,
      0.09245820217323246,
      0.0736582744273002,
      0.02418190060855512,
      0.027973330831546232,
      0.008867750545869616,
      0.008593259232651515,
      0.014815391573694544
    ],
    "cg_theory": [
      0.0,
      0.0,
      0.0,
      0.0,
      0.0,
      0.0,
      0.0,
      0.0,
      0.0,
      0.0,
      0.0,
      0.0
    ],
    "gd_theory": [
      0.0,
      0.0,
      0.0,
      0.0,
      0.0,
      0.0,
      0.0,
      0.0,
      0.0,
      0.0,
      0.0,
      0.0
    ]
  },
  "kappa_10": {
    "cg_sims": [
      0.2145098381068805,
      0.05369865542177178,
      -0.05634268712628711,
      -0.006663206864296704,
      0.026140334291170957,
      -0.0016155188163727513,
      0.004871361229308572,
      -0.08979708043922874,
      -0.011154618490195908,
      -0.008509323847817262,
      -0.03128580151766997,
      -0.053149954180751156
    ],
    "gd_sims": [
      0.19427446614426236,
      0.030066648018932225,
      -0.027424327461905283,
      -0.01429993226807761,
      0.08282748279039336,
      -0.012009798495650441,
      0.05489190639224245,
      -0.015116731175474752,
      -0.004178959543037022,
      0.03782552078994147,
      -0.0213371128083526,
      -0.009128254401009705
    ],
    "cg_mean": 0.003391833147209349,
    "gd_mean": 0.024699242331855362,
    "normalized_errors": [
      1.0,
      0.7502949974004471,
      0.5144710214253472,
      0.375406857004112,
      0.1200135574942906,
      0.04679175029429111,
      0.011190675641325443,
      0.005421809333617654,
      0.016651046380011476,
      0.0041585850870452115,
      0.0042301714297563655,
      0.0064737461097676904
    ],
    "cg_theory": [
      0.26987386361223836,
      0.07283190226099703,
      0.01965542685740419,
      0.005304485986955425,
      0.0014315421277766379,
      0.0003863358049467659,
      0.00010426193633272782,
      2.8137571585806465e-05,
      7.593595156527528e-06,
      2.0493128635992637e-06,
      5.530559802497934e-07,
      1.4925535418386553e-07
    ],
    "gd_theory": [
      0.6694214876033059,
      0.448125128065023,
      0.29998458986170967,
      0.20081613040329327,
      0.13443063274931205,
      0.08999075415449816,
      0.06024174451664754,
      0.04032711823015249,
      0.026995839476383076,
      0.01807159502138041,
      0.01209751402257697,
      0.008098335833295328
    ]
  },
  "kappa_50": {
    "cg_sims": [
      0.13716910337945187,
      0.01689333394517979,
      -0.022632025523162267,
      0.00528232376845301,
      -0.0017077063987667844,
      0.0011022950495571838,
      0.005612455442435172,
      -0.059411048323918886,
      0.01705395036071094,
      0.013248499197774488,
      -0.017596661350302828,
      0.016492771336738078
    ],
    "gd_sims": [
      0.17582579315139854,
      0.007876901217859113,
      -0.0177769225262091,
      0.007821253472916845,
      0.04173268117205913,
      0.05112633763078418,
      0.041784325264692196,
      -0.03158878206064249,
      -0.007024854520041742,
      -0.02709470341989889,
      0.01829833839356297,
      -0.001133695381926449
    ],
    "cg_mean": 0.009292274240345814,
    "gd_mean": 0.02165388936621286,
    "normalized_errors": [
      1.0,
      0.7573189122716573,
      0.4954331755350009,
      0.29486665443395044,
      0.13009300068905405,
      0.05157669903848019,
      0.008954259966843863,
      0.0032298795899463576,
      0.01199425434048804,
      0.0029915279459629056,
      0.002126858084948613,
      0.004457255123319757
    ],
    "cg_theory": [
      0.5658068164845661,
      0.32013735358039946,
      0.18113589686711973,
      0.1024879251574617,
      0.05798836666145188,
      0.032810213133855834,
      0.01856424224144707,
      0.010503774803081472,
      0.005943107382402327,
      0.003362650668062984,
      0.0019026106694464162,
      0.0010765100858890458
    ],
    "gd_theory": [
      0.9231064975009612,
      0.852125605728492,
      0.7866026833349133,
      0.7261180479381495,
      0.6702842880044202,
      0.6187437814296859,
      0.5711664049260576,
      0.5272474195415088,
      0.486705518769382,
      0.44928102674559256,
      0.41473423499275963,
      0.3828438670579069
    ]
  },
  "kappa_100": {
    "cg_sims": [
      0.17816495696314738,
      0.08544241011896327,
      0.04179338930562707,
      0.0037464025794212434,
      -0.027314502718980886,
      0.046249602889836094,
      0.06885208470357242,
      0.024297529128455706,
      0.02800963097464853,
      0.00016529507124269006,
      0.015520679582176936,
      0.01987334409757834
    ],
    "gd_sims": [
      0.22040929757265806,
      0.09517875712358431,
      0.02524974576933063,
      0.08930724990402007,
      -0.023544772999000634,
      0.05435943137823311,
      0.004702989698428938,
      0.030439171219095933,
      0.04760337006762719,
      -0.0008179434816145786,
      -0.005395985569381243,
      0.02768928980851683
    ],
    "cg_mean": 0.04040006855797407,
    "gd_mean": 0.04709838337429156,
    "normalized_errors": [
      1.0,
      0.6595299823720996,
      0.38388699691334693,
      0.24727601401795563,
      0.0935042730605571,
      0.026171820332060274,
      0.006179090869013239,
      0.0022042728097856575,
      0.008056484415328042,
      0.001962731568070167,
      0.0012005296636315814,
      0.002364881988662792
    ],
    "cg_theory": [
      0.6694214876033059,
      0.448125128065023,
      0.29998458986170967,
      0.20081613040329327,
      0.13443063274931205,
      0.08999075415449816,
      0.06024174451664754,
      0.04032711823015249,
      0.026995839476383076,
      0.01807159502138041,
      0.01209751402257697,
      0.008098335833295328
    ],
    "gd_theory": [
      0.9607881580237231,
      0.9231138845986187,
      0.8869168888296305,
      0.8521392439387518,
      0.8187252945636414,
      0.7866215676912311,
      0.7557766870837914,
      0.7261412910605077,
      0.6976679535029934,
      0.6703111079583215,
      0.6440269747181167,
      0.6187734907570102
    ]
  },
  "kappa_500": {
    "cg_sims": [
      -0.08390337321922724,
      0.004199662777537816,
      -0.026517298243176512,
      0.02545756031159772,
      -0.004663214290711936,
      -0.015505352923752594,
      -0.0013600541925724778,
      0.0018383247436946615,
      -0.024040202879334303,
      -0.0012530112684785715,
      0.006872073224763603,
      -0.011951016103674482
    ],
    "gd_sims": [
      -0.05635382220037752,
      -0.0044953790384120815,
      0.0260343176626791,
      0.025101851994246843,
      0.007945097351280513,
      -0.011698854170587105,
      -0.008988152415829322,
      0.03093772658728155,
      0.010330630375138917,
      -0.04677556152674192,
      0.039870047620668196,
      -0.017341893225626365
    ],